timestamp,mem_avail_kb,psi_some_avg10,psi_full_avg10,pswpout_rate,zswap_stored_pages,zswap_writeback,zram_ratio
1781082361,2791556,0.00,0.00,0,28699,286162,3.10
1781082363,80360,5.97,4.89,1518,260567,289103,3.10
1781082365,65480,15.40,12.15,1661,373412,292417,3.08
1781082367,90876,26.92,20.64,2464,455443,297345,3.06
1781082370,54756,35.81,27.41,2693,537606,305424,3.04
1781082372,1067864,40.37,30.95,1088,354932,307600,3.03
1781082374,1103028,36.86,28.61,0,354779,307600,3.03
1781082376,1121464,30.18,23.42,0,354691,307600,3.03
1781082378,1120588,24.71,19.18,0,354550,307600,3.03
1781082380,1120588,20.24,15.70,0,354473,307600,3.03
1781082382,1120688,16.57,12.86,0,354409,307600,3.03
1781082384,1120688,13.57,10.53,0,354314,307600,3.03
1781082386,1120692,9.09,7.06,0,354173,307600,3.03
1781082388,1120692,7.45,5.78,0,354160,307600,3.03
1781082390,1120752,6.10,4.73,0,354125,307600,3.03
1781082392,1121032,4.99,3.87,0,353825,307600,3.03
1781082394,1121032,4.09,3.17,0,353784,307600,3.03
1781082396,1086324,3.34,2.59,0,348818,307600,3.08
1781082398,1021208,2.74,2.12,0,339944,307600,3.07
1781082400,1010852,2.24,1.74,0,338962,307600,3.07
1781082402,1003368,1.83,1.42,0,338770,307600,3.07
1781082405,1003004,1.50,1.16,0,338613,307600,3.07
1781082407,1002892,1.23,0.95,0,338568,307600,3.07
1781082409,977928,1.00,0.78,0,334697,307600,3.09
1781082411,977352,0.82,0.64,0,334579,307600,3.09
1781082413,980452,0.67,0.52,0,334527,307600,3.09
1781082415,981240,0.55,0.42,0,334397,307600,3.09
1781082417,981476,0.45,0.35,0,334371,307600,3.09
1781082419,976796,0.37,0.28,0,334292,307600,3.09
1781082421,976824,0.30,0.23,0,334292,307600,3.09
1781082423,972808,0.24,0.19,0,334200,307600,3.09
1781082425,972576,0.20,0.15,0,334200,307600,3.09
1781082427,972576,0.16,0.12,0,334200,307600,3.09
1781082429,972576,0.13,0.10,0,334173,307600,3.09
1781082431,972464,0.11,0.08,0,334113,307600,3.09
1781082433,972464,0.09,0.06,0,334087,307600,3.09
1781082435,973960,0.07,0.05,0,334087,307600,3.09
1781082437,975564,0.06,0.04,0,334087,307600,3.09
1781082439,976588,0.04,0.03,0,333942,307600,3.09
1781082441,977636,0.03,0.03,0,333942,307600,3.09
1781082443,978408,0.03,0.02,0,333942,307600,3.09
1781082445,978996,0.02,0.02,0,333942,307600,3.09
1781082447,979024,0.02,0.01,0,333942,307600,3.09
1781082449,979024,0.01,0.01,0,333942,307600,3.09
1781082451,979032,0.01,0.01,0,333942,307600,3.09
1781082453,979032,0.01,0.00,0,333942,307600,3.09
1781082455,979032,0.00,0.00,0,333942,307600,3.09
1781082457,979040,0.00,0.00,0,333942,307600,3.09
1781082459,979040,0.00,0.00,0,333942,307600,3.09
1781082461,979040,0.00,0.00,0,333942,307600,3.09
1781082463,979048,0.00,0.00,0,332931,307600,3.09
1781082465,979048,0.00,0.00,0,332931,307600,3.09
1781082468,979048,0.00,0.00,0,332931,307600,3.09
1781082470,979056,0.00,0.00,0,332931,307600,3.09
1781082472,979056,0.00,0.00,0,332931,307600,3.09
1781082474,979056,0.00,0.00,0,332931,307600,3.09
1781082476,939004,0.00,0.00,0,332931,307600,3.09
1781082478,939004,0.00,0.00,0,332931,307600,3.09
1781082480,919020,0.00,0.00,0,332877,307600,3.09
1781082482,937688,0.00,0.00,0,332877,307600,3.09
1781082484,947360,0.00,0.00,0,332877,307600,3.09
1781082486,953524,0.00,0.00,0,332877,307600,3.09
1781082488,955448,0.00,0.00,0,332877,307600,3.09
1781082490,963432,0.00,0.00,0,332805,307600,3.09
1781082492,963480,0.00,0.00,0,332805,307600,3.09
1781082494,963480,0.00,0.00,0,332805,307600,3.09
1781082496,963488,0.00,0.00,0,332805,307600,3.09
1781082498,963488,0.00,0.00,0,332805,307600,3.09
1781082500,963488,0.00,0.00,0,332805,307600,3.09
1781082502,963488,0.00,0.00,0,332805,307600,3.09
1781082504,963496,0.00,0.00,0,332805,307600,3.09
1781082506,963496,0.00,0.00,0,332805,307600,3.09
1781082508,963496,0.00,0.00,0,332805,307600,3.09
1781082510,963504,0.00,0.00,0,332805,307600,3.09
1781082512,963504,0.00,0.00,0,332805,307600,3.09
1781082514,963504,0.00,0.00,0,332805,307600,3.09
1781082516,963612,0.00,0.00,0,332805,307600,3.09
1781082518,962532,0.00,0.00,0,332724,307600,3.09
1781082520,962532,0.00,0.00,0,332724,307600,3.09
1781082522,962532,0.00,0.00,0,332724,307600,3.09
1781082524,962540,0.00,0.00,0,332724,307600,3.09
1781082526,962552,0.00,0.00,0,332724,307600,3.09
1781082528,962552,0.00,0.00,0,332724,307600,3.09
1781082530,964076,0.00,0.00,0,332724,307600,3.09
1781082532,964176,0.00,0.00,0,332724,307600,3.09
1781082535,964176,0.00,0.00,0,332724,307600,3.09
1781082537,964176,0.00,0.00,0,332724,307600,3.09
1781082539,964192,0.00,0.00,0,332724,307600,3.09
1781082541,964200,0.00,0.00,0,332724,307600,3.09
1781082543,964200,0.00,0.00,0,332724,307600,3.09
1781082545,962380,0.00,0.00,0,332696,307600,3.09
1781082547,962528,0.00,0.00,0,332627,307600,3.10
1781082549,962528,0.00,0.00,0,332627,307600,3.10
1781082551,962024,0.00,0.00,0,332615,307600,3.10
1781082553,962160,0.00,0.00,0,332433,307600,3.10
1781082555,962160,0.00,0.00,0,332380,307600,3.10
1781082557,962160,0.00,0.00,0,332380,307600,3.10
1781082559,961916,0.00,0.00,0,332380,307600,3.10
1781082561,961916,0.00,0.00,0,332274,307600,3.10
1781082563,961916,0.00,0.00,0,332274,307600,3.10
1781082565,962152,0.00,0.00,0,332274,307600,3.10
1781082567,962288,0.00,0.00,0,332274,307600,3.10
1781082569,962036,0.00,0.00,0,332274,307600,3.10
1781082571,962036,0.00,0.00,0,332274,307600,3.10
1781082573,962044,0.00,0.00,0,332274,307600,3.10
1781082575,961792,0.00,0.00,0,332274,307600,3.10
1781082577,961792,0.00,0.00,0,332274,307600,3.10
1781082579,937860,0.00,0.00,0,332274,307600,3.10
1781082581,930048,0.00,0.00,0,332274,307600,3.10
1781082583,950320,0.00,0.00,0,332274,307600,3.10
1781082585,959424,0.00,0.00,0,332274,307600,3.10
1781082587,960028,0.00,0.00,0,332274,307600,3.10
1781082589,963560,0.00,0.00,0,332274,307600,3.10
1781082591,963568,0.00,0.00,0,332274,307600,3.10
1781082593,963568,0.00,0.00,0,332274,307600,3.10
1781082595,963568,0.00,0.00,0,332274,307600,3.10
